Response Id,Date & Time,NPS,What is the primary reason for your score?,"On a scale of 0 to 10, how likely are you to recommend Followspy?",Contact Country
16107826,"August 24, 2026 11:07:06 AM",-,-,-,argentina
16106588,"August 24, 2026 11:27:38 AM",-,-,-,-
16106119,"August 24, 2026 2:32:18 PM",-,-,-,-
16106118,"August 24, 2026 2:32:09 PM",-,-,-,-
16105762,"August 24, 2026 12:45:29 AM",10,-,10,-
16104863,"August 23, 2026 2:53:14 PM",0,-,0,-
16104217,"August 23, 2026 11:55:07 AM",-,-,-,mexico
16103000,"August 23, 2026 3:42:43 PM",0,Highly potential scam,0,malaysia
16101984,"August 22, 2026 7:22:42 PM",1,-,1,chile
16101565,"August 22, 2026 10:22:25 PM",-,-,-,spain
16101478,"August 22, 2026 11:47:45 PM",10,Done,10,azerbaijan
16101156,"August 22, 2026 12:49:51 PM",-,-,-,colombia
16101024,"August 22, 2026 7:05:41 PM",10,-,10,sweden
16100178,"August 22, 2026 4:23:36 PM",-,-,-,turkey
16100174,"August 22, 2026 4:20:14 PM",-,-,-,iraq
16099513,"August 22, 2026 3:57:15 PM",0,-,0,-
16099172,"August 22, 2026 12:34:31 PM",10,.,10,-
16098492,"August 21, 2026 10:56:53 PM",-,-,-,seychelles
16098191,"August 22, 2026 12:19:16 AM",-,-,-,argentina
16098190,"August 22, 2026 12:19:06 AM",-,-,-,argentina
16096471,"August 21, 2026 8:04:50 PM",0,"i payed to review private profile, and you telling me you cannot, plss refund my money",0,albania
16093118,"August 20, 2026 11:06:20 PM",-,-,-,guatemala
16093117,"August 20, 2026 11:06:09 PM",-,-,-,guatemala
16092749,"August 21, 2026 5:36:15 AM",10,-,10,sweden
16091057,"August 20, 2026 3:27:18 PM",0,It charged me twice and I don’t have acesss,0,-
16089015,"August 20, 2026 6:25:54 PM",-,-,-,georgia
16089014,"August 20, 2026 6:25:41 PM",-,-,-,georgia
16085660,"August 20, 2026 2:47:32 AM",0,-,0,azerbaijan
16085602,"August 19, 2026 5:27:57 PM",-,-,-,peru
16084639,"August 19, 2026 2:50:26 PM",1,not good,1,-
16084438,"August 19, 2026 1:06:02 PM",-,-,-,-
16084437,"August 19, 2026 1:05:50 PM",-,-,-,-
16083880,"August 19, 2026 7:35:42 PM",10,-,10,greece
16083676,"August 19, 2026 12:12:24 PM",-,-,-,-
16081986,"August 19, 2026 3:01:37 PM",-,-,-,kenya
16081963,"August 19, 2026 2:57:05 PM",-,-,-,turkey
16081920,"August 19, 2026 4:41:59 PM",-,-,-,pakistan
16081265,"August 19, 2026 11:25:53 AM",-,-,-,austria
16080425,"August 19, 2026 3:13:34 AM",-,-,-,argentina
16079401,"August 18, 2026 5:53:33 PM",-,-,-,-
16076670,"August 18, 2026 7:51:21 PM",-,-,-,sweden
16076632,"August 18, 2026 8:43:40 PM",-,-,-,iraq
16076257,"August 18, 2026 10:09:15 PM",-,-,-,india
16075305,"August 18, 2026 7:52:00 PM",-,-,-,-
16075167,"August 18, 2026 3:51:10 PM",-,-,-,sweden
16075069,"August 18, 2026 3:30:34 PM",2,-,2,sweden
16073109,"August 18, 2026 7:52:06 AM",-,-,-,germany
16072533,"August 17, 2026 9:57:14 PM",-,-,-,-
16072346,"August 17, 2026 7:59:44 PM",-,-,-,-
16071459,"August 17, 2026 3:01:24 PM",10,-,10,-
16068869,"August 17, 2026 2:33:41 PM",-,-,-,india
16068866,"August 17, 2026 2:33:25 PM",-,-,-,india
16068564,"August 17, 2026 4:48:25 PM",10,-,10,-
16067240,"August 16, 2026 7:47:04 PM",-,-,-,brazil
16067031,"August 16, 2026 11:40:11 PM",-,-,-,iraq
16067000,"August 16, 2026 3:20:29 PM",10,-,10,-
16065861,"August 16, 2026 9:31:04 PM",-,-,-,-
16065281,"August 16, 2026 3:16:41 PM",0,-,0,taiwan
16064722,"August 15, 2026 11:40:16 PM",-,-,-,brazil
16064529,"August 15, 2026 8:41:53 PM",-,-,-,argentina
16062086,"August 15, 2026 5:26:23 AM",0,Spam,0,greece
16061484,"August 14, 2026 6:33:00 PM",-,-,-,argentina
16061077,"August 14, 2026 10:16:05 PM",10,-,10,spain
16058790,"August 14, 2026 9:32:08 PM",-,-,-,philippines
16058668,"August 14, 2026 2:52:55 PM",-,-,-,germany
16057150,"August 14, 2026 12:09:59 PM",-,-,-,india
16053461,"August 13, 2026 5:37:51 PM",-,-,-,pakistan
16053128,"August 13, 2026 3:46:07 PM",10,s,10,pakistan
16051525,"August 13, 2026 10:02:51 AM",10,-,10,-
16051375,"August 13, 2026 8:33:39 AM",-,-,-,indonesia
16051277,"August 12, 2026 8:46:30 PM",0,-,0,-
16050936,"August 13, 2026 12:55:34 AM",-,-,-,turkey
16050485,"August 12, 2026 4:19:13 PM",-,-,-,argentina
16044024,"August 11, 2026 9:35:24 PM",4,-,4,thailand
16041875,"August 10, 2026 11:29:45 PM",-,-,-,mexico
16040758,"August 10, 2026 5:19:22 PM",10,-,10,canada
16039187,"August 10, 2026 6:55:29 AM",0,-,0,-
16039045,"August 11, 2026 12:54:46 AM",-,-,-,-
16038312,"August 10, 2026 3:06:56 PM",9,a,9,pakistan
16037887,"August 10, 2026 1:33:10 PM",10,a,10,-
16037799,"August 10, 2026 1:10:14 PM",-,-,-,pakistan
16037478,"August 10, 2026 8:29:12 AM",0,-,0,germany
16037025,"August 10, 2026 7:02:39 AM",-,-,-,turkey
16037024,"August 10, 2026 7:02:30 AM",-,-,-,turkey
16036793,"August 10, 2026 9:20:25 AM",-,-,-,-
16036661,"August 10, 2026 7:26:50 AM",-,-,-,taiwan
16036658,"August 10, 2026 7:25:32 AM",-,-,-,malaysia
16036408,"August 9, 2026 9:51:47 PM",-,-,-,tunisia
16035805,"August 9, 2026 7:17:58 PM",-,-,-,-
16035803,"August 9, 2026 7:17:45 PM",-,-,-,-
16035594,"August 10, 2026 1:31:20 AM",2,Lists don't always update,2,australia
16034631,"August 8, 2026 10:33:37 PM",-,-,-,-
16034131,"August 9, 2026 3:32:33 AM",0,-,0,uzbekistan
16033550,"August 8, 2026 8:39:56 PM",0,-,0,romania
16032812,"August 8, 2026 4:32:27 PM",-,-,-,turkey
16031811,"August 8, 2026 4:36:44 PM",-,-,-,indonesia
16031043,"August 8, 2026 8:30:12 AM",-,-,-,iraq
16031029,"August 8, 2026 12:21:13 PM",2,like,2,indonesia
16030995,"August 8, 2026 2:12:17 AM",-,-,-,argentina
16030424,"August 7, 2026 6:46:06 PM",-,-,-,-
16030096,"August 7, 2026 11:44:53 PM",-,-,-,france
16028106,"August 7, 2026 2:34:19 PM",-,-,-,algeria
16025162,"August 7, 2026 5:42:43 AM",8,-,8,thailand
16023599,"August 6, 2026 10:01:26 PM",-,-,-,india
16023597,"August 6, 2026 10:01:12 PM",-,-,-,india
16023336,"August 6, 2026 7:56:50 AM",0,-,0,-
16022263,"August 6, 2026 2:46:19 PM",-,-,-,germany
16022058,"August 6, 2026 8:00:42 PM",-,-,-,australia
16022057,"August 6, 2026 8:00:31 PM",-,-,-,australia
16019722,"August 6, 2026 3:28:28 AM",-,-,-,-
16018902,"August 5, 2026 7:59:46 PM",10,very good,10,algeria
16017570,"August 5, 2026 11:57:09 PM",-,-,-,-
16015795,"August 5, 2026 9:29:25 AM",5,-,5,france
16015757,"August 5, 2026 3:14:47 AM",10,-,10,-
16014674,"August 5, 2026 9:49:10 AM",-,-,-,philippines
16014673,"August 5, 2026 9:48:59 AM",-,-,-,philippines
16014519,"August 4, 2026 5:26:03 PM",-,-,-,-
16014375,"August 5, 2026 1:36:34 AM",10,-,10,hungary
16013360,"August 4, 2026 9:10:46 PM",-,-,-,jordan
16013281,"August 4, 2026 10:51:05 AM",-,-,-,-
16010775,"August 4, 2026 6:05:21 PM",0,-,0,-
16010767,"August 4, 2026 6:03:41 PM",-,-,-,-
16010324,"August 4, 2026 3:38:49 AM",10,It works,10,-
16009982,"August 4, 2026 2:44:00 AM",-,-,-,argentina
16009023,"August 4, 2026 1:35:58 AM",-,-,-,-
16008597,"August 4, 2026 3:32:07 AM",-,-,-,indonesia
16008399,"August 3, 2026 3:40:42 PM",-,-,-,-
16008345,"August 4, 2026 2:29:09 AM",-,-,-,indonesia
16008057,"August 4, 2026 1:25:09 AM",10,-,10,vietnam
16007003,"August 3, 2026 8:53:55 PM",-,-,-,india
16006767,"August 3, 2026 3:08:52 PM",-,-,-,portugal
16005411,"August 3, 2026 3:53:06 PM",-,-,-,thailand
16005408,"August 3, 2026 3:52:56 PM",-,-,-,thailand
16004086,"August 3, 2026 5:45:09 AM",-,-,-,iraq
16004080,"August 3, 2026 9:41:50 AM",1,-,1,thailand
16003759,"August 3, 2026 2:20:21 AM",-,-,-,-
16003757,"August 3, 2026 2:20:03 AM",-,-,-,-
16003497,"August 2, 2026 10:02:13 PM",-,-,-,poland
16003296,"August 3, 2026 1:14:12 AM",-,-,-,indonesia
16002980,"August 3, 2026 12:12:20 AM",0,Tou cannot access private account then whats spy?,0,singapore
16002857,"August 2, 2026 11:46:50 AM",10,-,10,-
16002056,"August 2, 2026 2:13:07 AM",1,-,1,mexico
16001910,"August 2, 2026 12:41:25 AM",0,-,0,guatemala
16001683,"August 2, 2026 7:10:32 AM",10,-,10,ukraine
16001362,"August 1, 2026 7:09:46 PM",0,-,0,-
16001254,"August 2, 2026 5:58:48 AM",-,-,-,-
15999895,"August 1, 2026 5:42:58 PM",-,-,-,uzbekistan
15998137,"August 1, 2026 10:50:53 AM",-,-,-,philippines
15998021,"July 31, 2026 8:21:29 PM",0,Hello,0,-
15997408,"July 31, 2026 2:13:46 PM",3,-,3,-
15996961,"July 31, 2026 3:01:21 PM",-,-,-,-
15996337,"July 31, 2026 11:51:22 AM",-,-,-,peru
15995411,"July 31, 2026 9:19:33 PM",10,-,10,singapore
15995409,"July 31, 2026 9:19:24 PM",0,-,0,singapore
15994809,"July 31, 2026 4:41:17 AM",0,-,0,mexico
15993862,"July 30, 2026 11:23:46 PM",10,-,10,-
15993423,"July 31, 2026 9:31:15 AM",0,Very disgusting,0,india
15993003,"July 30, 2026 9:04:50 PM",-,-,-,mexico
15992721,"July 31, 2026 4:57:45 AM",-,-,-,thailand
15992720,"July 30, 2026 5:57:01 PM",-,-,-,chile
15992089,"July 30, 2026 1:46:23 PM",1,-,1,-
15991972,"July 30, 2026 12:13:33 PM",-,-,-,mexico
15990907,"July 30, 2026 3:23:16 PM",0,-,0,-
15990821,"July 30, 2026 9:56:11 PM",-,-,-,taiwan
15990491,"July 29, 2026 10:10:59 PM",-,-,-,pakistan
15990134,"July 30, 2026 2:29:36 PM",3,-,3,iraq
15989212,"July 29, 2026 5:58:50 PM",-,-,-,pakistan
15988708,"July 30, 2026 1:03:02 AM",4,-,4,-
15986251,"July 29, 2026 9:14:12 AM",-,-,-,-
15985063,"July 29, 2026 12:50:15 PM",-,-,-,spain
15984357,"July 29, 2026 1:43:06 PM",-,-,-,india
15983896,"July 29, 2026 11:35:36 AM",-,-,-,india
15983647,"July 29, 2026 12:54:45 AM",5,-,5,-
15983319,"July 28, 2026 9:29:25 PM",3,You can’t see private stories,3,-
15983303,"July 28, 2026 9:15:49 PM",-,-,-,ecuador
15983302,"July 28, 2026 9:15:38 PM",-,-,-,ecuador
15983222,"July 28, 2026 9:15:15 PM",10,-,10,-
15983070,"July 28, 2026 7:39:36 PM",0,-,0,-
15982656,"July 29, 2026 1:59:12 AM",-,-,-,china
15982484,"July 28, 2026 10:02:04 PM",0,-,0,belgium
15982434,"July 28, 2026 3:47:30 PM",-,-,-,chile
15982280,"July 29, 2026 12:29:14 AM",0,-,0,india
15981142,"July 28, 2026 4:50:28 PM",10,-,10,-
15980441,"July 28, 2026 6:45:15 PM",-,-,-,indonesia
15980431,"July 28, 2026 2:43:20 PM",-,-,-,egypt
15980211,"July 28, 2026 2:08:26 PM",-,-,-,turkey
15980157,"July 28, 2026 4:24:57 PM",-,-,-,india
15979725,"July 28, 2026 2:05:05 PM",-,-,-,pakistan
15979364,"July 28, 2026 3:21:06 PM",8,Fast and easy,8,philippines
15978705,"July 28, 2026 12:10:05 AM",10,Good,10,-
15977732,"July 27, 2026 5:37:27 PM",10,Girls girl,10,-
15977333,"July 27, 2026 2:15:40 PM",-,-,-,mexico
15976825,"July 28, 2026 2:58:48 AM",0,it's not free for first time,0,malaysia
15976390,"July 27, 2026 1:53:54 PM",10,-,10,-
15976263,"July 27, 2026 12:20:12 PM",10,-,10,-
15974903,"July 27, 2026 9:38:44 AM",0,you took my money and didn’t show me shit,0,-
15974886,"July 27, 2026 9:32:05 PM",-,-,-,philippines
15974708,"July 27, 2026 5:35:30 AM",0,-,0,-
15972687,"July 27, 2026 10:14:24 AM",-,-,-,-
15972459,"July 27, 2026 1:10:31 PM",4,Good,4,bangladesh
15972121,"July 27, 2026 8:29:34 AM",10,-,10,turkey
15972108,"July 27, 2026 1:26:51 AM",-,-,-,-
15971601,"July 27, 2026 9:03:19 AM",-,-,-,thailand
15971445,"July 26, 2026 5:45:39 PM",9,Never used befors,9,-
15971418,"July 26, 2026 6:25:23 PM",0,it promised i could see the stories of this person I COULD LITERALLY SEE THEM when theyre private and it didnt show me.,0,-
15970872,"July 26, 2026 7:10:17 PM",-,-,-,algeria
15970779,"July 26, 2026 7:13:53 PM",7,-,7,netherlands
15970320,"July 26, 2026 8:59:28 AM",-,-,-,-
15970188,"July 26, 2026 3:17:01 PM",-,-,-,-
15970178,"July 26, 2026 8:13:10 AM",-,-,-,-
15970077,"July 26, 2026 3:52:07 PM",-,-,-,india
15970076,"July 26, 2026 3:51:57 PM",-,-,-,india
15969979,"July 26, 2026 10:12:00 AM",0,-,0,ireland
15969852,"July 26, 2026 3:49:42 AM",10,-,10,-
15969687,"July 26, 2026 2:47:07 PM",-,-,-,-
15969518,"July 25, 2026 11:05:50 PM",-,-,-,-
15969485,"July 26, 2026 4:47:13 AM",10,-,10,-
15969377,"July 25, 2026 8:18:41 PM",10,-,10,-
15969229,"July 25, 2026 8:17:29 PM",10,-,10,-
15969080,"July 26, 2026 12:18:31 AM",9,-,9,-
15967796,"July 25, 2026 12:06:59 PM",0,-,0,brazil
15967660,"July 25, 2026 3:14:43 PM",-,-,-,algeria
15967422,"July 25, 2026 7:27:28 PM",-,-,-,thailand
15966452,"July 25, 2026 3:47:02 AM",10,-,10,-
15966375,"July 25, 2026 2:06:40 AM",8,-,8,-
15966077,"July 24, 2026 11:13:51 PM",0,-,0,-
15965948,"July 25, 2026 12:38:22 AM",-,-,-,-
15965660,"July 24, 2026 10:56:48 PM",-,-,-,-
15965567,"July 24, 2026 9:28:58 PM",10,Gas,10,-
15965384,"July 25, 2026 6:35:15 AM",-,-,-,indonesia
15964729,"July 24, 2026 4:24:18 PM",-,-,-,brazil
15964128,"July 24, 2026 9:58:34 AM",-,-,-,-
15963998,"July 24, 2026 9:27:53 AM",0,-,0,-
15963444,"July 24, 2026 8:33:44 PM",-,-,-,bangladesh
15962213,"July 24, 2026 10:17:43 AM",0,-,0,-
15961824,"July 24, 2026 9:17:18 AM",-,-,-,spain
15961211,"July 24, 2026 12:11:31 AM",-,-,-,jamaica
15961061,"July 24, 2026 12:09:09 AM",0,-,0,-
15960666,"July 24, 2026 12:58:57 AM",0,This order is completely wrong and i know for a fact,0,iceland
15960600,"July 23, 2026 7:24:33 PM",5,-,5,-
15960325,"July 23, 2026 3:23:10 PM",-,-,-,-
15960097,"July 23, 2026 10:52:39 PM",-,-,-,austria
15959972,"July 23, 2026 10:09:59 PM",0,Cant follow private accounts,0,netherlands
15959856,"July 23, 2026 3:34:02 PM",-,-,-,-
15959554,"July 23, 2026 1:02:15 PM",-,-,-,peru
15959086,"July 23, 2026 1:16:49 PM",-,-,-,argentina
15959085,"July 23, 2026 1:16:38 PM",-,-,-,argentina
15958957,"July 23, 2026 11:59:19 PM",0,-,0,-
15958668,"July 23, 2026 5:55:18 PM",-,-,-,turkey
15958599,"July 23, 2026 10:25:04 AM",10,-,10,-
15958413,"July 23, 2026 10:13:07 PM",-,-,-,-
15958264,"July 23, 2026 5:29:38 PM",-,-,-,-
15957153,"July 23, 2026 10:22:03 AM",-,-,-,-
15957042,"July 23, 2026 1:23:17 PM",-,-,-,india
15956940,"July 23, 2026 3:32:47 PM",-,-,-,-
15956230,"July 23, 2026 2:10:17 PM",-,-,-,australia
15955865,"July 22, 2026 9:05:53 PM",10,Great set up,10,-
15955452,"July 22, 2026 11:36:24 PM",-,-,-,germany
15953991,"July 22, 2026 11:47:28 PM",0,"useless except charging monthly fee on time ,this so-called subscription spy detects nothing on those instagram private accounts",0,-
15953979,"July 22, 2026 11:44:37 PM",0,-,0,-
15953647,"July 22, 2026 5:12:52 PM",-,-,-,greece
15953378,"July 22, 2026 8:30:23 PM",10,Nothing,10,philippines
15952670,"July 22, 2026 4:55:33 PM",-,-,-,thailand
15952387,"July 22, 2026 5:13:43 PM",-,-,-,malaysia
15952065,"July 22, 2026 5:07:49 AM",-,-,-,argentina
15951122,"July 21, 2026 10:20:53 PM",-,-,-,panama
15950819,"July 22, 2026 6:35:55 AM",-,-,-,thailand
15948661,"July 21, 2026 4:19:21 PM",-,-,-,turkey
15947822,"July 21, 2026 5:05:37 PM",-,-,-,-
15947820,"July 21, 2026 5:05:24 PM",-,-,-,-
15947495,"July 21, 2026 11:54:32 AM",-,-,-,turkey
15946943,"July 21, 2026 8:51:13 AM",10,-,10,iraq
15946449,"July 20, 2026 7:53:04 PM",-,-,-,-
15946405,"July 20, 2026 9:10:37 PM",0,-,0,-
15946293,"July 21, 2026 3:24:11 AM",-,-,-,denmark
15946191,"July 21, 2026 2:07:05 AM",0,-,0,kuwait
15946111,"July 21, 2026 2:30:47 AM",-,-,-,-
15946108,"July 21, 2026 2:30:23 AM",-,-,-,-
15945853,"July 20, 2026 11:55:27 PM",10,-,10,turkey
15945341,"July 20, 2026 11:02:00 PM",-,-,-,-
15944811,"July 20, 2026 7:07:06 PM",0,-,0,turkey
15944738,"July 20, 2026 10:53:30 AM",10,-,10,-
15944486,"July 20, 2026 5:51:30 PM",-,-,-,turkey
15944343,"July 20, 2026 8:43:51 PM",-,-,-,indonesia
15944115,"July 20, 2026 3:26:58 PM",-,-,-,ukraine
15944114,"July 20, 2026 3:26:51 PM",-,-,-,ukraine
15944042,"July 20, 2026 3:12:41 PM",0,-,0,turkey
15943704,"July 20, 2026 6:58:50 PM",-,-,-,-
15943243,"July 20, 2026 2:05:52 PM",-,-,-,pakistan
15942781,"July 20, 2026 12:31:08 PM",10,-,10,pakistan
15942756,"July 20, 2026 3:23:15 AM",0,-,0,-
15942648,"July 20, 2026 3:51:18 AM",-,-,-,argentina
15942630,"July 20, 2026 3:40:30 AM",9,-,9,argentina
15942370,"July 20, 2026 8:26:26 AM",10,10,10,turkey
15942073,"July 20, 2026 4:56:25 AM",10,-,10,-
15942045,"July 19, 2026 8:34:59 PM",10,-,10,-
15942017,"July 20, 2026 8:46:16 AM",-,-,-,india
15941982,"July 20, 2026 5:44:50 AM",-,-,-,egypt
15941960,"July 20, 2026 5:22:37 AM",-,-,-,india
15941733,"July 20, 2026 1:42:34 AM",9,Wow,9,turkey
15941119,"July 19, 2026 7:48:00 PM",-,-,-,turkey
15941118,"July 19, 2026 7:47:48 PM",-,-,-,turkey
15940630,"July 19, 2026 6:51:54 PM",-,-,-,india
15940484,"July 19, 2026 1:27:36 PM",-,-,-,spain
15940465,"July 19, 2026 1:08:46 PM",-,-,-,sweden
15940400,"July 19, 2026 5:20:09 AM",10,-,10,peru
15940356,"July 19, 2026 5:38:59 AM",-,-,-,colombia
15940141,"July 19, 2026 10:17:56 AM",0,-,0,turkey
15939884,"July 19, 2026 7:09:37 AM",0,-,0,bulgaria
15939855,"July 19, 2026 5:55:42 AM",0,Notworked,0,germany
15939745,"July 18, 2026 10:21:23 PM",10,-,10,mexico
15939709,"July 18, 2026 7:51:51 PM",0,-,0,mexico
15939467,"July 18, 2026 6:17:20 PM",10,-,10,-
15939466,"July 19, 2026 1:17:32 AM",-,-,-,spain
15939405,"July 18, 2026 3:27:58 PM",4,-,4,-
15938661,"July 18, 2026 10:04:59 PM",10,[Zip Code-US],10,india
15938382,"July 18, 2026 5:24:44 PM",-,-,-,norway
15937630,"July 18, 2026 5:45:17 AM",10,Done,10,-
15935949,"July 17, 2026 11:31:55 PM",0,-,0,-
15935392,"July 18, 2026 3:04:52 AM",-,-,-,pakistan
15789959,"July 17, 2026 11:31:30 PM",-,-,-,israel
15787855,"July 17, 2026 11:30:59 PM",-,-,-,israel
15786212,"July 17, 2026 9:59:24 PM",9,Just good for tracking,9,spain
15786156,"July 18, 2026 2:39:07 AM",-,-,-,thailand
15786155,"July 17, 2026 4:38:43 PM",0,-,0,brazil
15784912,"July 17, 2026 9:57:16 AM",-,-,-,-
15783935,"July 17, 2026 6:40:58 AM",0,Idk,0,-
15783529,"July 17, 2026 4:45:26 AM",0,-,0,-
15783267,"July 17, 2026 10:48:28 AM",-,-,-,netherlands
15782482,"July 17, 2026 1:00:16 AM",-,-,-,brazil
15782115,"July 17, 2026 4:07:55 AM",-,-,-,egypt
15781960,"July 17, 2026 1:29:50 AM",10,-,10,france
15492390,"July 16, 2026 10:54:46 AM",0,-,0,-
15492063,"July 16, 2026 9:37:24 AM",-,-,-,india
15484041,"July 16, 2026 6:18:43 PM",-,-,-,pakistan
15352403,"July 16, 2026 12:03:54 PM",0,-,0,-
15352381,"July 16, 2026 4:27:38 AM",-,-,-,-
15352279,"July 16, 2026 2:56:03 PM",-,-,-,indonesia
15351105,"July 15, 2026 8:39:33 PM",-,-,-,brazil
15350934,"July 15, 2026 3:10:03 PM",-,-,-,-
15350932,"July 15, 2026 3:09:49 PM",-,-,-,-
15350923,"July 16, 2026 1:04:19 AM",-,-,-,turkey
15350429,"July 15, 2026 3:13:20 PM",-,-,-,-
15350182,"July 15, 2026 12:49:13 PM",-,-,-,-
15349282,"July 15, 2026 10:13:07 AM",0,-,0,-
15348799,"July 15, 2026 6:50:19 AM",-,-,-,-
15348214,"July 15, 2026 12:44:43 PM",0,-,0,turkey
15348204,"July 15, 2026 7:42:37 PM",-,-,-,guam
15346758,"July 15, 2026 8:36:59 AM",-,-,-,india
15346713,"July 15, 2026 8:04:58 AM",-,-,-,india
15346612,"July 14, 2026 10:32:25 PM",-,-,-,argentina
15346196,"July 14, 2026 4:30:23 PM",0,-,0,-
15345962,"July 14, 2026 3:59:54 PM",10,-,10,-
15344670,"July 14, 2026 4:05:23 PM",-,-,-,poland
15344482,"July 14, 2026 6:19:27 PM",-,-,-,india
15342020,"July 13, 2026 7:28:20 PM",0,-,0,-
15341986,"July 14, 2026 6:02:37 AM",1,-,1,-
15341925,"July 13, 2026 10:03:26 PM",-,-,-,brazil
15340478,"July 13, 2026 9:45:39 PM",-,-,-,india
15339287,"July 13, 2026 5:04:48 PM",-,-,-,-
15337541,"July 12, 2026 11:31:22 PM",-,-,-,argentina
15337389,"July 13, 2026 4:56:37 AM",-,-,-,turkey
15336344,"July 12, 2026 5:02:53 PM",-,-,-,algeria
15335009,"July 11, 2026 10:27:00 PM",0,-,0,-
15334846,"July 12, 2026 3:13:36 AM",-,-,-,turkey
15333563,"July 11, 2026 5:24:42 PM",-,-,-,jordan
15333480,"July 11, 2026 9:37:41 AM",-,-,-,-
15332724,"July 11, 2026 12:25:10 PM",6,rfrfef,6,denmark
15332353,"July 11, 2026 11:52:33 AM",-,-,-,-
15199113,"July 10, 2026 10:34:21 PM",4,-,4,spain
15199033,"July 10, 2026 5:08:49 PM",0,scam,0,-
15197693,"July 10, 2026 10:46:24 PM",-,-,-,indonesia
15197194,"July 10, 2026 9:14:50 PM",-,-,-,vietnam
15197153,"July 10, 2026 9:54:59 AM",-,-,-,-
15196326,"July 10, 2026 12:12:43 PM",-,-,-,norway
15195784,"July 10, 2026 1:13:23 AM",-,-,-,-
15195391,"July 10, 2026 2:17:55 AM",10,-,10,-
15194751,"July 10, 2026 8:29:56 AM",-,-,-,india
15194645,"July 9, 2026 8:48:51 PM",-,-,-,peru
15194644,"July 10, 2026 7:17:52 AM",-,-,-,india
15194633,"July 9, 2026 9:38:34 PM",-,-,-,-
15194630,"July 10, 2026 7:07:16 AM",-,-,-,india
15194601,"July 10, 2026 4:17:27 AM",10,-,10,israel
15194595,"July 10, 2026 8:13:06 AM",10,-,10,indonesia
15194517,"July 9, 2026 8:21:30 PM",10,Good,10,-
15194243,"July 9, 2026 3:19:04 PM",-,-,-,-
15193782,"July 9, 2026 9:49:01 PM",-,-,-,germany
15193259,"July 9, 2026 12:47:41 PM",0,-,0,-
15193165,"July 9, 2026 10:56:36 PM",-,-,-,india
15061277,"July 9, 2026 9:50:44 PM",-,-,-,india
15060598,"July 9, 2026 7:16:39 PM",-,-,-,pakistan
15060471,"July 9, 2026 3:41:42 PM",3,-,3,sweden
15060454,"July 9, 2026 3:37:38 PM",1,Not help,1,sweden
15060406,"July 9, 2026 2:28:19 PM",10,Is good,10,portugal
15059537,"July 9, 2026 7:11:58 PM",9,-,9,japan
15058453,"July 9, 2026 10:51:08 AM",-,-,-,india
15057865,"July 9, 2026 7:20:49 AM",-,-,-,india
15057860,"July 9, 2026 7:17:07 AM",-,-,-,india
15057857,"July 9, 2026 7:14:58 AM",-,-,-,india
15057848,"July 9, 2026 7:10:58 AM",-,-,-,india
15057837,"July 9, 2026 4:34:12 AM",-,-,-,turkey
15057672,"July 9, 2026 3:45:17 AM",-,-,-,finland
15057266,"July 8, 2026 5:23:45 PM",0,-,0,-
15056525,"July 8, 2026 2:14:12 PM",3,Have not seen any results yet,3,-
15056348,"July 8, 2026 1:29:43 PM",-,-,-,-
15056171,"July 8, 2026 5:52:44 PM",0,-,0,-
15055886,"July 8, 2026 12:00:15 PM",8,-,8,-
15055874,"July 8, 2026 9:28:16 PM",-,-,-,india
15055809,"July 8, 2026 11:46:25 AM",0,You suck,0,-
15055067,"July 8, 2026 6:04:30 PM",-,-,-,india
15055057,"July 8, 2026 6:00:16 PM",-,-,-,india
15054959,"July 8, 2026 5:45:38 PM",-,-,-,india
15054946,"July 8, 2026 5:12:15 PM",-,-,-,pakistan
15054902,"July 8, 2026 5:26:36 PM",-,-,-,india
15054851,"July 8, 2026 5:20:39 PM",-,-,-,india
15054170,"July 8, 2026 11:13:20 AM",10,-,10,spain
15054147,"July 8, 2026 3:06:15 AM",-,-,-,mexico
15053451,"July 8, 2026 1:11:40 AM",5,-,5,-
15053340,"July 8, 2026 2:43:52 AM",10,-,10,argentina
15053146,"July 8, 2026 1:40:42 AM",8,-,8,brazil
15052986,"July 8, 2026 12:46:16 AM",10,-,10,-
15052774,"July 7, 2026 9:58:45 PM",5,-,5,-
15052701,"July 7, 2026 6:05:08 PM",0,Waste of money,0,-
15052684,"July 8, 2026 10:52:09 AM",0,Idk,0,australia
15052607,"July 8, 2026 2:10:02 AM",-,-,-,spain
15052540,"July 7, 2026 8:39:49 PM",-,-,-,argentina
15052378,"July 8, 2026 12:40:12 AM",0,-,0,italy
15052344,"July 7, 2026 7:30:27 PM",10,-,10,argentina
15052122,"July 8, 2026 12:06:15 AM",0,I want to see a private account,0,israel
15051590,"July 7, 2026 3:16:04 PM",7,-,7,chile
15051395,"July 7, 2026 2:22:12 PM",-,-,-,india
15051248,"July 7, 2026 12:53:33 PM",10,Goood,10,-
15051086,"July 7, 2026 12:20:41 PM",-,-,-,-
15049788,"July 7, 2026 2:37:00 PM",0,-,0,qatar
15049692,"July 7, 2026 2:00:49 PM",10,1,10,turkey
15049639,"July 7, 2026 3:41:06 PM",-,-,-,pakistan
15049610,"July 7, 2026 4:00:49 PM",-,-,-,india
15047422,"July 7, 2026 1:37:40 PM",-,-,-,malaysia
15047421,"July 7, 2026 1:37:10 PM",-,-,-,malaysia
15047156,"July 6, 2026 11:27:25 PM",10,-,10,-
15047133,"July 7, 2026 12:19:38 AM",0,-,0,-
15046817,"July 7, 2026 5:23:44 AM",-,-,-,egypt
15046788,"July 6, 2026 7:56:25 PM",0,I don’t see private accounts,0,mexico
15046751,"July 7, 2026 1:30:31 AM",10,Just is greay,10,iceland
15046706,"July 7, 2026 3:45:21 AM",0,-,0,turkey
15046281,"July 6, 2026 6:12:10 PM",-,-,-,brazil
15046239,"July 6, 2026 11:55:57 PM",0,-,0,italy
15046073,"July 6, 2026 1:06:16 PM",10,Cheating,10,-
15046047,"July 6, 2026 12:59:13 PM",0,-,0,-
15046000,"July 6, 2026 10:46:12 PM",10,-,10,turkey
15045746,"July 6, 2026 7:31:53 PM",0,False advertising,0,-
15045594,"July 6, 2026 2:49:24 PM",-,-,-,argentina
15045592,"July 6, 2026 2:49:14 PM",-,-,-,argentina
15045529,"July 6, 2026 7:30:14 PM",-,-,-,spain
15044553,"July 6, 2026 11:01:35 AM",-,-,-,argentina
15044441,"July 6, 2026 10:27:34 AM",-,-,-,brazil
15044390,"July 6, 2026 4:38:22 PM",-,-,-,lebanon
15044345,"July 6, 2026 5:52:25 PM",-,-,-,pakistan
15043989,"July 6, 2026 8:30:14 AM",-,-,-,argentina
15043620,"July 6, 2026 1:58:47 PM",1,Password instagram senching,1,-
15042624,"July 6, 2026 3:01:09 PM",10,-,10,-
15042622,"July 5, 2026 10:59:29 PM",0,-,0,-
15042420,"July 6, 2026 10:20:00 AM",-,-,-,india
15042166,"July 5, 2026 10:30:19 PM",-,-,-,colombia
15042056,"July 5, 2026 11:24:02 PM",0,No anda,0,mexico
15041953,"July 6, 2026 4:25:48 AM",10,-,10,-
15041927,"July 6, 2026 3:00:59 AM",-,-,-,-
15041916,"July 6, 2026 2:53:50 AM",-,-,-,bulgaria
15041815,"July 6, 2026 4:19:56 AM",-,-,-,india
15041786,"July 5, 2026 6:27:27 PM",0,-,0,-
15041669,"July 5, 2026 3:01:04 PM",10,-,10,-
15041650,"July 5, 2026 11:48:51 PM",7,7,7,romania
15041562,"July 5, 2026 12:59:51 PM",0,-,0,-
15041033,"July 5, 2026 11:31:16 PM",0,-,0,thailand
15040855,"July 5, 2026 5:57:12 PM",-,-,-,sweden
15040847,"July 5, 2026 5:54:09 PM",-,-,-,sweden
15040685,"July 5, 2026 11:01:42 AM",0,-,0,chile
15040627,"July 5, 2026 9:35:33 AM",-,-,-,colombia
15040521,"July 5, 2026 2:51:59 PM",0,when i searched the account i showed me 3 videos and then when i paid you said nah sorry it's private your a scam,0,-
15040382,"July 5, 2026 8:49:15 PM",0,-,0,-
15040337,"July 5, 2026 12:10:26 PM",3,-,3,switzerland
15040256,"July 5, 2026 11:52:37 AM",-,-,-,denmark
15040199,"July 5, 2026 4:12:04 AM",0,-,0,ecuador
15040141,"July 5, 2026 5:46:57 AM",-,-,-,argentina
15040008,"July 5, 2026 9:19:18 AM",-,-,-,italy
15040001,"July 5, 2026 1:12:28 AM",0,-,0,-
15039387,"July 5, 2026 3:04:43 AM",-,-,-,iraq
15039344,"July 4, 2026 7:10:16 PM",0,No es lo que dice,0,chile
15039154,"July 4, 2026 9:32:14 PM",5,4,5,-
15039086,"July 4, 2026 12:41:35 PM",-,-,-,mexico
15038999,"July 4, 2026 7:55:48 PM",-,-,-,norway
15038961,"July 4, 2026 6:35:30 PM",-,-,-,algeria
15038881,"July 5, 2026 1:01:47 AM",3,cannot search certain account,3,taiwan
15038818,"July 4, 2026 7:38:56 PM",-,-,-,egypt
15038661,"July 4, 2026 5:57:19 PM",0,-,0,italy
15038614,"July 4, 2026 9:41:55 AM",-,-,-,mexico
15038397,"July 4, 2026 10:39:42 AM",-,-,-,pakistan
15038346,"July 4, 2026 4:03:59 PM",0,Scheiße,0,germany
15038234,"July 4, 2026 8:26:32 AM",0,-,0,-
15037246,"July 4, 2026 7:30:30 AM",10,-,10,-
15037234,"July 4, 2026 2:24:24 PM",-,-,-,-
15036917,"July 4, 2026 2:08:22 PM",0,-,0,lithuania
15036594,"July 4, 2026 4:32:04 AM",10,-,10,-
15036207,"July 4, 2026 1:02:32 PM",-,-,-,-
15035857,"July 4, 2026 1:26:46 PM",-,-,-,malaysia
15035737,"July 3, 2026 9:27:18 PM",0,-,0,-
15035701,"July 3, 2026 9:17:25 PM",10,-,10,-
15035371,"July 3, 2026 9:39:00 PM",0,Cancel,0,-
15035345,"July 3, 2026 9:12:23 PM",0,I can’t see her profile,0,-
15034752,"July 3, 2026 10:24:11 PM",2,Hi,2,turkey
15034731,"July 3, 2026 12:16:29 PM",10,-,10,-
15031435,"July 3, 2026 5:51:32 PM",0,-,0,lithuania
15031085,"July 3, 2026 7:47:36 AM",0,-,0,-
15030396,"July 3, 2026 4:06:42 PM",-,-,-,india
15030356,"July 3, 2026 3:51:01 PM",-,-,-,india
15030240,"July 3, 2026 3:14:53 PM",-,-,-,-
15029800,"July 3, 2026 1:42:20 PM",-,-,-,india
15029779,"July 3, 2026 1:06:27 AM",10,-,10,-
15029633,"July 3, 2026 1:10:48 PM",-,-,-,-
15029616,"July 3, 2026 10:38:16 AM",-,-,-,bulgaria
15027250,"July 3, 2026 2:30:54 AM",10,-,10,-
15027132,"July 3, 2026 2:06:02 AM",5,-,5,-
15026761,"July 2, 2026 11:25:29 PM",-,-,-,colombia
15026520,"July 3, 2026 8:22:13 AM",-,-,-,india
15026518,"July 3, 2026 8:21:51 AM",10,-,10,india
15026511,"July 3, 2026 8:18:45 AM",-,-,-,-
15026510,"July 3, 2026 8:18:24 AM",10,-,10,-
15026506,"July 3, 2026 8:15:36 AM",-,-,-,-
15026504,"July 3, 2026 8:13:43 AM",-,-,-,india
15026502,"July 3, 2026 8:12:53 AM",-,-,-,india
15026491,"July 2, 2026 10:31:28 PM",0,"Even when I already cancelled my subscription, they still continued to try to charge my card!!",0,romania
15026424,"July 2, 2026 8:36:34 PM",1,-,1,-
15026409,"July 2, 2026 8:23:43 PM",10,-,10,-
15025884,"July 3, 2026 4:09:19 AM",-,-,-,thailand
15025851,"July 3, 2026 3:54:02 AM",-,-,-,vietnam
15025642,"July 2, 2026 12:58:57 PM",0,-,0,-
14984066,"July 2, 2026 1:08:28 PM",0,dont need this,0,-
14983753,"July 2, 2026 9:49:48 AM",0,-,0,-
14973799,"July 2, 2026 7:02:22 PM",-,-,-,india
14973782,"July 2, 2026 6:53:40 PM",-,-,-,india
14973780,"July 2, 2026 6:53:12 PM",-,-,-,india
14973775,"July 2, 2026 6:52:25 PM",-,-,-,india
14973774,"July 2, 2026 6:51:50 PM",-,-,-,india
14973771,"July 2, 2026 6:51:07 PM",-,-,-,india
14973770,"July 2, 2026 6:50:46 PM",-,-,-,india
14973767,"July 2, 2026 6:49:44 PM",-,-,-,india
14967453,"July 2, 2026 5:41:51 PM",-,-,-,india
14967431,"July 2, 2026 5:34:20 PM",-,-,-,india
14967426,"July 2, 2026 8:03:12 PM",0,not for free,0,philippines
14967188,"July 2, 2026 4:41:47 PM",-,-,-,india
14967163,"July 2, 2026 4:32:11 PM",-,-,-,india
14966606,"July 2, 2026 2:27:56 PM",-,-,-,india
14966605,"July 2, 2026 2:27:36 PM",-,-,-,india
14966401,"July 2, 2026 4:01:11 PM",7,-,7,-
14966190,"July 2, 2026 3:53:15 PM",-,-,-,taiwan
14965738,"July 2, 2026 5:26:27 PM",0,-,0,australia
14964939,"July 2, 2026 12:15:26 AM",0,-,0,mexico
14964884,"July 2, 2026 2:02:42 AM",0,-,0,-
14964751,"July 2, 2026 10:41:19 AM",-,-,-,india
14964682,"July 2, 2026 6:42:10 AM",10,-,10,italy
14964680,"July 1, 2026 9:41:56 PM",10,-,10,-
14964372,"July 1, 2026 8:46:14 PM",10,-,10,mexico
14964300,"July 2, 2026 5:15:04 AM",-,-,-,israel
14963950,"July 2, 2026 12:48:17 AM",10,-,10,italy
14963939,"July 1, 2026 5:43:52 PM",-,-,-,-
14963925,"July 1, 2026 3:39:25 PM",-,-,-,-
14963728,"July 1, 2026 4:16:18 PM",10,-,10,-
14963674,"July 1, 2026 11:58:26 PM",0,-,0,turkey
14963336,"July 1, 2026 10:04:39 PM",-,-,-,bulgaria
14963218,"July 1, 2026 11:57:45 PM",0,fake,0,india
14962323,"July 1, 2026 8:27:28 PM",-,-,-,india
14962313,"July 1, 2026 8:23:59 PM",9,-,9,india
14962297,"July 1, 2026 8:16:29 PM",-,-,-,india
14962273,"July 1, 2026 9:35:29 AM",10,-,10,-
14962185,"July 1, 2026 4:01:37 PM",-,-,-,france
14962179,"July 1, 2026 6:59:06 AM",0,-,0,-
14961804,"July 1, 2026 2:06:23 PM",0,"no private account viewing even when it said I could look at the one I saw , then I paid and said it wasnt possible",0,-
14961752,"July 1, 2026 5:22:01 PM",-,-,-,india
14961432,"July 1, 2026 12:30:05 PM",-,-,-,france
14961240,"July 1, 2026 11:28:43 AM",-,-,-,france
14959946,"July 1, 2026 12:33:58 AM",-,-,-,argentina
14959865,"July 1, 2026 10:10:05 AM",-,-,-,thailand
14959810,"July 1, 2026 10:42:54 AM",-,-,-,australia
14959017,"July 1, 2026 4:55:08 AM",-,-,-,thailand
14958905,"June 30, 2026 4:23:22 PM",0,-,0,-
14958647,"June 30, 2026 10:22:03 PM",-,-,-,switzerland
14958598,"June 30, 2026 10:07:05 PM",6,it's not free unfortunately,6,madagascar
14958142,"July 1, 2026 12:45:46 AM",1,-,1,vietnam
14958124,"June 30, 2026 10:40:24 AM",0,-,0,-
14957346,"June 30, 2026 11:20:29 AM",0,-,0,-
14957126,"June 30, 2026 9:33:16 PM",-,-,-,thailand
14956508,"June 30, 2026 4:35:56 PM",-,-,-,ukraine
14954377,"June 30, 2026 1:53:13 PM",-,-,-,india
14954047,"June 30, 2026 2:31:34 AM",10,-,10,-
14953373,"June 29, 2026 11:48:49 PM",0,-,0,venezuela
14953243,"June 30, 2026 5:14:30 AM",4,-,4,spain
14953143,"June 30, 2026 4:02:43 AM",8,-,8,-
14953040,"June 29, 2026 5:35:28 PM",1,-,1,-
14873093,"June 29, 2026 7:01:37 PM",10,-,10,-
14867423,"June 29, 2026 12:50:45 PM",-,-,-,-
14866179,"June 30, 2026 1:55:24 AM",-,-,-,vietnam
14865546,"June 29, 2026 8:33:24 PM",0,-,0,france
14865539,"June 29, 2026 11:31:16 PM",10,Cool,10,uzbekistan
14863713,"June 29, 2026 7:23:58 PM",9,-,9,belgium
14863649,"June 29, 2026 7:06:04 PM",-,-,-,germany
14863417,"June 29, 2026 12:08:33 PM",-,-,-,-
14863275,"June 29, 2026 5:37:28 PM",-,-,-,germany
14863272,"June 29, 2026 5:36:29 PM",0,-,0,-
14863150,"June 29, 2026 5:03:05 PM",-,-,-,-
14863087,"June 29, 2026 10:48:11 PM",-,-,-,indonesia
14862872,"June 29, 2026 4:39:51 PM",0,Paid over,0,kuwait
14862867,"June 29, 2026 3:36:19 PM",10,-,10,germany
14862802,"June 29, 2026 2:15:58 PM",0,-,0,morocco
14862165,"June 29, 2026 2:03:13 PM",0,Useless,0,netherlands
14861772,"June 29, 2026 4:29:41 PM",-,-,-,pakistan
14861771,"June 29, 2026 4:29:29 PM",-,-,-,pakistan
14861542,"June 29, 2026 3:47:56 PM",-,-,-,pakistan
14861223,"June 29, 2026 3:01:08 PM",10,-,10,-
14860848,"June 29, 2026 1:58:06 AM",2,-,2,canada
14860429,"June 29, 2026 1:11:40 AM",10,-,10,-
14860358,"June 29, 2026 12:44:12 PM",-,-,-,malaysia
14860334,"June 28, 2026 11:32:26 PM",0,-,0,mexico
14860326,"June 29, 2026 12:27:36 AM",0,scam,0,-
14860316,"June 29, 2026 12:23:09 AM",-,-,-,bolivia
14860273,"June 29, 2026 6:02:45 AM",5,-,5,france
14860231,"June 28, 2026 10:48:04 PM",8,-,8,canada
14859910,"June 29, 2026 4:10:54 AM",0,-,0,-
14859698,"June 29, 2026 12:15:59 AM",-,-,-,germany
14859637,"June 29, 2026 3:04:15 AM",-,-,-,india
14859613,"June 29, 2026 12:15:20 AM",-,-,-,-
14859552,"June 28, 2026 11:34:39 PM",-,-,-,-
14859514,"June 28, 2026 10:12:52 PM",10,I found info,10,netherlands
14859376,"June 29, 2026 12:01:34 AM",0,-,0,india
14859368,"June 28, 2026 11:27:41 AM",0,not free,0,-
14859326,"June 28, 2026 3:04:51 PM",10,Jjvujjjkkldoifivi,10,argentina
14859321,"June 28, 2026 9:01:20 PM",0,-,0,france
14859227,"June 28, 2026 10:12:21 AM",-,-,-,-
14858616,"June 28, 2026 4:57:47 AM",0,The page was private,0,-
14858610,"June 28, 2026 4:43:00 PM",10,-,10,indonesia
14858601,"June 28, 2026 11:28:52 AM",10,-,10,italy
14858474,"June 28, 2026 2:11:43 AM",-,-,-,mexico
14858281,"June 28, 2026 2:27:06 PM",-,-,-,-
14858194,"June 28, 2026 2:43:17 PM",1,Price,1,australia
14858137,"June 27, 2026 8:51:46 PM",10,-,10,-
14857634,"June 28, 2026 1:45:50 AM",9,-,9,-
14857630,"June 28, 2026 12:44:16 AM",-,-,-,france
14857622,"June 27, 2026 4:39:28 PM",0,-,0,-
14857465,"June 27, 2026 3:04:30 PM",-,-,-,peru
14857437,"June 27, 2026 3:50:47 PM",0,Said noting about if account was private I would like refund,0,-
14856982,"June 27, 2026 8:26:56 PM",5,-,5,georgia
14856526,"June 27, 2026 9:28:45 PM",10,-,10,thailand
14856303,"June 27, 2026 8:33:19 PM",5,-,5,malaysia
14856014,"June 27, 2026 1:44:53 PM",10,-,10,italy
14855810,"June 27, 2026 12:28:45 PM",10,-,10,spain
14855741,"June 27, 2026 4:58:18 PM",-,-,-,australia
14855235,"June 27, 2026 3:02:32 PM",-,-,-,mongolia
14854494,"June 27, 2026 4:57:54 AM",-,-,-,lithuania
14854403,"June 26, 2026 8:32:19 PM",-,-,-,chile
14854402,"June 26, 2026 8:32:10 PM",-,-,-,chile
14854392,"June 26, 2026 7:32:01 PM",0,-,0,colombia
14804492,"June 26, 2026 11:45:11 PM",-,-,-,greece
14804133,"June 26, 2026 7:53:49 PM",-,-,-,portugal
14804094,"June 26, 2026 2:41:39 PM",8,Dont know,8,-
14803859,"June 26, 2026 10:37:58 AM",0,Scam,0,canada
14803363,"June 26, 2026 6:56:55 PM",-,-,-,iraq
14803287,"June 26, 2026 6:38:17 PM",0,-,0,romania
14803021,"June 26, 2026 4:53:50 PM",10,-,10,germany
14802718,"June 26, 2026 3:54:48 PM",-,-,-,turkey
14802633,"June 26, 2026 6:26:24 AM",-,-,-,mexico
14802354,"June 26, 2026 6:49:11 AM",0,-,0,-
14802174,"June 26, 2026 1:52:09 PM",1,x_e9r,1,iraq
14801968,"June 26, 2026 5:29:11 AM",-,-,-,chile
14801587,"June 26, 2026 2:00:31 AM",-,-,-,-
14801417,"June 26, 2026 10:07:56 AM",7,-,7,azerbaijan
14801135,"June 26, 2026 6:28:49 AM",5,-,5,romania
14800725,"June 25, 2026 6:04:45 PM",10,Keep my account secure,10,-
14800541,"June 25, 2026 5:34:52 PM",-,-,-,mexico
14800493,"June 25, 2026 4:13:08 PM",0,Yall keep charging me after the fact I paid once,0,-
14800359,"June 25, 2026 11:25:47 PM",-,-,-,-
14800341,"June 25, 2026 3:21:38 PM",0,-,0,india
14800250,"June 25, 2026 3:31:49 PM",-,-,-,-
14800127,"June 25, 2026 4:39:14 PM",5,-,5,-
14739946,"June 25, 2026 4:06:45 PM",0,-,0,-
14659001,"June 25, 2026 3:42:50 PM",-,-,-,-
14658859,"June 25, 2026 2:45:36 PM",0,-,0,-
14627094,"June 25, 2026 11:13:40 AM",-,-,-,chile
14626908,"June 25, 2026 7:55:58 PM",10,-,10,india
14626792,"June 25, 2026 3:35:00 PM",0,-,0,spain
14626745,"June 25, 2026 8:10:09 AM",10,-,10,-
14626736,"June 25, 2026 2:07:15 PM",0,-,0,portugal
14626716,"June 25, 2026 2:58:08 PM",2,-,2,switzerland
14625602,"June 25, 2026 11:31:22 AM",0,i pay and no results,0,romania
14624574,"June 24, 2026 11:56:28 PM",-,-,-,brazil
14624513,"June 24, 2026 8:25:43 PM",-,-,-,mexico
14624486,"June 25, 2026 4:11:35 AM",-,-,-,sweden
14624483,"June 25, 2026 4:11:19 AM",-,-,-,sweden
14624482,"June 25, 2026 4:10:33 AM",-,-,-,sweden
14624331,"June 24, 2026 8:31:18 PM",-,-,-,-
14624227,"June 25, 2026 9:32:05 AM",-,-,-,australia
14624146,"June 25, 2026 1:59:36 AM",-,-,-,cyprus
14624127,"June 25, 2026 6:51:29 AM",-,-,-,philippines
14624061,"June 25, 2026 1:24:14 AM",-,-,-,greece
14623979,"June 24, 2026 4:51:21 PM",10,-,10,-
14567923,"June 24, 2026 4:02:34 PM",8,-,8,-
14567889,"June 24, 2026 9:48:59 PM",-,-,-,portugal
14567433,"June 24, 2026 9:31:03 PM",-,-,-,romania
14567157,"June 24, 2026 10:38:49 PM",-,-,-,india
14567095,"June 24, 2026 11:51:47 AM",8,-,8,panama
14567021,"June 24, 2026 1:39:28 PM",10,-,10,brazil
14567007,"June 24, 2026 6:36:46 PM",-,-,-,france
14566561,"June 24, 2026 5:04:19 PM",10,-,10,italy
14566430,"June 24, 2026 9:18:31 PM",-,-,-,vietnam
14566280,"June 24, 2026 4:23:57 PM",-,-,-,lithuania
14566276,"June 24, 2026 9:21:34 AM",-,-,-,bolivia
14566095,"June 24, 2026 8:40:09 AM",10,-,10,-
14565616,"June 24, 2026 6:07:00 AM",0,-,0,-
14565527,"June 24, 2026 6:29:11 AM",0,-,0,-
14565201,"June 24, 2026 1:30:47 PM",10,-,10,-
14564786,"June 24, 2026 10:54:31 AM",0,-,0,sweden
14564764,"June 24, 2026 3:48:43 PM",0,need to pay,0,philippines
14564458,"June 24, 2026 6:59:59 AM",7,-,7,-
14564453,"June 24, 2026 7:53:59 AM",0,-,0,belgium
14564452,"June 24, 2026 7:53:04 AM",10,-,10,belgium
14564338,"June 24, 2026 12:57:55 AM",2,.,2,-
14564285,"June 24, 2026 12:31:05 AM",10,-,10,-
14564282,"June 24, 2026 6:30:11 AM",10,-,10,belgium
14564219,"June 24, 2026 6:59:51 AM",-,-,-,-
14564021,"June 23, 2026 11:49:30 PM",-,-,-,argentina
14563837,"June 23, 2026 8:28:56 PM",10,-,10,-
14563694,"June 23, 2026 7:06:57 PM",8,-,8,-
14563635,"June 23, 2026 4:31:48 PM",-,-,-,mexico
14563540,"June 24, 2026 5:57:39 AM",-,-,-,taiwan
14563478,"June 24, 2026 1:25:10 AM",7,Fhjj,7,azerbaijan
14563108,"June 24, 2026 12:43:19 AM",-,-,-,india
14563051,"June 23, 2026 8:57:43 PM",-,-,-,austria
14562834,"June 23, 2026 8:53:07 PM",-,-,-,turkey
14562579,"June 23, 2026 12:41:49 PM",10,-,10,-
14562504,"June 23, 2026 5:25:19 PM",6,-,6,-
14562384,"June 24, 2026 2:02:25 AM",0,-,0,australia
14562267,"June 23, 2026 8:57:08 PM",-,-,-,india
14562266,"June 23, 2026 11:27:04 AM",0,-,0,-
14561977,"June 23, 2026 9:19:26 PM",-,-,-,indonesia
14561947,"June 23, 2026 7:33:46 PM",10,-,10,india
14561814,"June 23, 2026 2:55:31 PM",10,-,10,italy
14561810,"June 23, 2026 1:54:06 PM",10,-,10,-
14561507,"June 23, 2026 7:42:05 PM",0,-,0,-
14561358,"June 23, 2026 12:18:37 PM",0,-,0,-
14561354,"June 23, 2026 6:18:35 PM",10,-,10,thailand
14561298,"June 23, 2026 5:57:22 PM",-,-,-,thailand
14560517,"June 23, 2026 3:32:00 PM",-,-,-,singapore
14560336,"June 23, 2026 1:40:12 AM",10,Easy,10,-
14560116,"June 22, 2026 11:07:03 PM",-,-,-,mexico
14560086,"June 23, 2026 10:30:59 AM",-,-,-,-
14559904,"June 22, 2026 11:48:54 PM",0,no fuciona como corresponde,0,chile
14559658,"June 23, 2026 4:28:18 AM",10,-,10,-
14559530,"June 22, 2026 8:10:13 PM",0,-,0,canada
14559381,"June 22, 2026 6:01:33 PM",0,Stole my money,0,-
14559357,"June 22, 2026 5:44:50 PM",5,-,5,-
14559235,"June 23, 2026 7:01:21 AM",10,-,10,japan
14559009,"June 22, 2026 4:37:14 PM",0,-,0,canada
14558619,"June 22, 2026 8:45:10 PM",7,Utility,7,italy
14558409,"June 22, 2026 6:49:57 PM",-,-,-,tunisia
14558184,"June 22, 2026 7:02:46 PM",-,-,-,-
14558104,"June 22, 2026 6:45:27 PM",0,-,0,belgium
14558023,"June 22, 2026 7:25:03 PM",0,-,0,lebanon
14557990,"June 22, 2026 9:20:22 AM",0,G,0,-
14557988,"June 22, 2026 6:24:30 PM",-,-,-,slovenia
14557986,"June 22, 2026 9:20:02 AM",-,-,-,-
14557757,"June 22, 2026 5:41:18 PM",-,-,-,france
14557586,"June 22, 2026 5:10:41 PM",0,-,0,-
14557043,"June 22, 2026 7:18:48 PM",0,-,0,vietnam
14556100,"June 22, 2026 1:08:53 AM",10,-,10,-
14555628,"June 21, 2026 8:20:58 PM",10,It works,10,-
14555480,"June 21, 2026 10:25:15 PM",0,-,0,-
14554992,"June 21, 2026 10:57:51 PM",-,-,-,argentina
14554954,"June 22, 2026 2:22:05 AM",10,-,10,-
14554554,"June 21, 2026 5:56:22 PM",10,Fast,10,canada
14553980,"June 22, 2026 1:20:35 AM",-,-,-,indonesia
14553978,"June 22, 2026 1:20:25 AM",-,-,-,indonesia
14553047,"June 21, 2026 9:04:00 AM",2,You are running the business with selling a scam op,2,canada
14552897,"June 21, 2026 1:39:12 PM",0,-,0,switzerland
14552667,"June 21, 2026 10:18:26 AM",0,-,0,france
14552661,"June 21, 2026 3:15:13 AM",0,-,0,-
14552540,"June 21, 2026 10:50:17 AM",2,You told I can access the story for private accounts,2,-
14552454,"June 21, 2026 8:49:39 AM",0,"You mentioned we can see stories for private account. Aftet the payment, you mentioned we can't access the account!",0,sweden
14552409,"June 21, 2026 1:25:25 PM",-,-,-,indonesia
14552344,"June 21, 2026 1:00:54 AM",10,-,10,-
14552233,"June 21, 2026 10:52:01 AM",-,-,-,indonesia
14552035,"June 20, 2026 9:00:40 PM",0,-,0,-
14551998,"June 21, 2026 3:41:59 AM",4,44,4,spain
14551971,"June 20, 2026 9:22:00 PM",10,-,10,chile
14551941,"June 20, 2026 8:59:51 PM",0,-,0,chile
14551664,"June 21, 2026 6:37:24 AM",0,-,0,taiwan
14551648,"June 20, 2026 6:31:37 PM",10,Accurate,10,-
14551388,"June 20, 2026 4:42:04 PM",-,-,-,-
14550983,"June 20, 2026 6:37:05 PM",-,-,-,-
14550603,"June 20, 2026 10:55:17 AM",-,-,-,peru
14550383,"June 20, 2026 6:33:16 PM",0,Fake,0,ireland
14550254,"June 20, 2026 8:35:51 AM",0,I cant see private pages,0,-
14550200,"June 20, 2026 5:08:34 PM",-,-,-,azerbaijan
14549891,"June 20, 2026 5:28:58 AM",-,-,-,mexico
14549531,"June 20, 2026 7:02:18 AM",9,Seguro,9,argentina
14549515,"June 20, 2026 2:56:24 AM",0,-,0,-
14549477,"June 20, 2026 12:44:26 PM",0,I cant even unsubscribe,0,lithuania
14549469,"June 20, 2026 12:39:58 PM",-,-,-,lithuania
14549447,"June 20, 2026 12:36:41 PM",0,"Please bring vack money, youbare lying about seeing private accounts",0,lithuania
14548943,"June 20, 2026 2:22:56 PM",5,-,5,thailand
14548942,"June 20, 2026 2:22:34 PM",-,-,-,thailand
14548915,"June 20, 2026 12:10:19 AM",5,-,5,-
14548500,"June 20, 2026 9:56:32 AM",-,-,-,india
14548135,"June 19, 2026 9:20:01 PM",0,-,0,-
14548111,"June 20, 2026 3:59:29 AM",0,-,0,bulgaria
14548086,"June 20, 2026 4:11:21 AM",1,Because i love her,1,-
14548058,"June 19, 2026 5:29:06 PM",0,-,0,-
14548041,"June 19, 2026 8:17:31 PM",0,Does not track private accounts,0,-
14547979,"June 20, 2026 2:40:44 AM",-,-,-,turkey
14547977,"June 19, 2026 5:40:20 PM",-,-,-,-
14547968,"June 19, 2026 4:37:23 PM",-,-,-,-
14547104,"June 19, 2026 8:41:24 PM",-,-,-,spain
14546898,"June 19, 2026 2:46:41 PM",-,-,-,brazil
14546188,"June 19, 2026 8:22:48 AM",-,-,-,-
14546044,"June 20, 2026 12:47:48 AM",0,False advertising,0,-
14545949,"June 19, 2026 11:19:13 AM",-,-,-,brazil
14545917,"June 19, 2026 9:08:38 PM",10,-,10,vietnam
14545815,"June 19, 2026 9:45:13 AM",0,No,0,canada
14545814,"June 19, 2026 9:44:57 AM",0,-,0,canada
14545664,"June 19, 2026 4:19:41 PM",8,https://www.instagram.com/doaatarek55?igsh=ZzB5ODJ3cXZuc21l,8,egypt
14545504,"June 19, 2026 9:03:32 AM",-,-,-,bolivia
14545336,"June 19, 2026 2:29:02 PM",10,-,10,latvia
14544374,"June 19, 2026 12:47:45 PM",-,-,-,afghanistan
14544282,"June 19, 2026 12:21:19 PM",-,-,-,afghanistan
14544279,"June 19, 2026 12:20:59 PM",-,-,-,afghanistan
14544231,"June 19, 2026 1:09:18 AM",-,-,-,mexico
14544224,"June 19, 2026 2:06:47 AM",0,Bad pricing,0,-
14544014,"June 19, 2026 11:40:42 AM",-,-,-,-
14544011,"June 19, 2026 11:40:32 AM",-,-,-,-
14543819,"June 19, 2026 1:15:04 AM",-,-,-,-
14543772,"June 19, 2026 2:58:49 PM",-,-,-,australia
14543133,"June 18, 2026 8:53:58 PM",-,-,-,-
14542957,"June 18, 2026 7:24:27 PM",-,-,-,-
14542761,"June 18, 2026 3:00:40 PM",8,-,8,-
14542584,"June 18, 2026 9:53:10 PM",5,-,5,-
14542456,"June 18, 2026 3:16:02 PM",0,Ok,0,peru
14541984,"June 19, 2026 1:48:03 AM",-,-,-,philippines
14541763,"June 18, 2026 11:57:50 AM",0,-,0,colombia
14541719,"June 18, 2026 7:44:18 PM",1,تاا,1,-
14541666,"June 18, 2026 6:30:52 PM",0,Doesn't work,0,italy
14541561,"June 18, 2026 6:11:16 PM",-,-,-,germany
14541560,"June 18, 2026 6:11:07 PM",-,-,-,germany
14540983,"June 18, 2026 6:46:41 PM",-,-,-,india
14540763,"June 18, 2026 5:15:16 AM",10,-,10,-
14540694,"June 18, 2026 7:46:47 AM",-,-,-,-
14540559,"June 18, 2026 6:54:35 PM",-,-,-,indonesia
14540543,"June 18, 2026 6:50:18 AM",0,-,0,-
14539782,"June 18, 2026 2:07:13 AM",10,-,10,mexico
14539641,"June 18, 2026 12:59:56 PM",-,-,-,india
14539231,"June 17, 2026 11:44:38 PM",10,-,10,colombia
14539144,"June 18, 2026 11:59:11 AM",0,-,0,-
14539096,"June 18, 2026 12:38:57 AM",10,-,10,uruguay
14539055,"June 17, 2026 11:30:51 PM",0,-,0,canada
14539053,"June 18, 2026 8:59:41 AM",10,-,10,india
14539001,"June 17, 2026 8:52:44 PM",0,-,0,-
14538837,"June 17, 2026 9:33:02 PM",1,-,1,-
14538673,"June 18, 2026 2:06:47 AM",0,-,0,italy
14538329,"June 17, 2026 4:58:57 PM",0,-,0,peru
14538309,"June 17, 2026 11:48:08 PM",-,-,-,italy
14538256,"June 17, 2026 10:29:34 PM",0,-,0,-
14538181,"June 17, 2026 11:03:03 PM",-,-,-,germany
14538180,"June 17, 2026 4:02:06 PM",10,good,10,peru
14538055,"June 17, 2026 4:15:11 PM",-,-,-,-
14537947,"June 18, 2026 12:36:32 AM",10,-,10,pakistan
14537649,"June 18, 2026 2:01:09 AM",-,-,-,taiwan
14537645,"June 17, 2026 11:58:54 AM",10,-,10,guatemala
14537526,"June 17, 2026 10:31:03 AM",-,-,-,mexico
14537345,"June 17, 2026 10:42:41 AM",10,-,10,-
14537166,"June 17, 2026 4:49:57 PM",-,-,-,morocco
14536934,"June 17, 2026 11:49:22 AM",-,-,-,argentina
14536828,"June 17, 2026 2:44:20 PM",0,-,0,-
14536676,"June 17, 2026 8:37:36 AM",0,-,0,-
14536473,"June 17, 2026 3:20:05 PM",-,-,-,azerbaijan
14536273,"June 17, 2026 8:00:19 PM",-,-,-,-
14536207,"June 17, 2026 12:16:01 PM",-,-,-,macedonia
14536148,"June 17, 2026 7:03:45 PM",-,-,-,-
14536142,"June 17, 2026 3:00:41 PM",-,-,-,uzbekistan
14535175,"June 16, 2026 11:22:59 PM",-,-,-,-
14534982,"June 17, 2026 6:02:40 AM",-,-,-,-
14534904,"June 17, 2026 9:58:38 AM",-,-,-,india
14534888,"June 16, 2026 9:22:12 PM",0,-,0,-
14534640,"June 17, 2026 12:02:43 AM",-,-,-,brazil
14534624,"June 16, 2026 11:38:21 PM",-,-,-,brazil
14534564,"June 16, 2026 10:36:06 PM",-,-,-,brazil
14534276,"June 16, 2026 6:57:13 PM",-,-,-,-
14534265,"June 17, 2026 1:49:38 AM",0,Doesn’t work,0,greece
14533684,"June 17, 2026 12:21:53 AM",-,-,-,pakistan
14533594,"June 16, 2026 9:45:53 PM",-,-,-,finland
14533307,"June 16, 2026 12:24:38 PM",0,-,0,-
14533033,"June 16, 2026 10:07:09 PM",-,-,-,-
14532884,"June 16, 2026 9:00:53 AM",0,-,0,-
14532743,"June 16, 2026 9:00:12 PM",-,-,-,india
14532696,"June 16, 2026 9:21:40 AM",2,-,2,mexico
14532620,"June 16, 2026 5:13:05 PM",-,-,-,france
14532532,"June 16, 2026 10:57:23 AM",0,-,0,-
14489869,"June 16, 2026 12:43:18 PM",-,-,-,pakistan
14489514,"June 16, 2026 8:15:03 AM",-,-,-,germany
14489450,"June 16, 2026 1:54:10 AM",-,-,-,-
14489208,"June 16, 2026 12:41:17 PM",0,-,0,malaysia
14489122,"June 16, 2026 11:58:05 AM",-,-,-,japan
14489118,"June 15, 2026 8:55:49 PM",-,-,-,-
14488926,"June 15, 2026 8:43:49 PM",10,-,10,-
14488864,"June 16, 2026 10:21:55 AM",0,-,0,australia
14488863,"June 16, 2026 10:21:35 AM",-,-,-,australia
14488787,"June 16, 2026 12:01:51 PM",0,doesnt work for private account,0,-
14488766,"June 16, 2026 2:47:36 AM",0,-,0,bulgaria
14488626,"June 16, 2026 4:09:54 AM",5,-,5,india
14488488,"June 15, 2026 5:54:53 PM",-,-,-,-
14485062,"June 15, 2026 6:45:37 PM",-,-,-,argentina
14485061,"June 15, 2026 6:45:25 PM",-,-,-,argentina
14480855,"June 15, 2026 5:38:21 PM",10,-,10,-
14473666,"June 15, 2026 10:13:47 PM",0,It sucks,0,norway
14473608,"June 15, 2026 9:52:58 PM",0,Can’t see privat account,0,denmark
14473557,"June 15, 2026 2:33:00 PM",-,-,-,india
14473473,"June 15, 2026 1:07:17 PM",-,-,-,mexico
14473310,"June 15, 2026 11:18:09 PM",-,-,-,kazakhstan
14473202,"June 15, 2026 12:33:35 PM",10,-,10,-
14473057,"June 15, 2026 12:54:03 PM",0,-,0,-
14473053,"June 15, 2026 11:53:17 AM",10,-,10,colombia
14472708,"June 15, 2026 5:35:50 PM",-,-,-,portugal
14471749,"June 15, 2026 10:59:03 AM",-,-,-,-
14471653,"June 15, 2026 9:18:37 AM",0,Dine,0,mexico
14471619,"June 15, 2026 9:59:45 AM",0,-,0,-
14471346,"June 15, 2026 8:15:06 AM",0,-,0,-
14470500,"June 15, 2026 1:50:12 PM",-,-,-,pakistan
14469966,"June 15, 2026 12:49:43 PM",-,-,-,bangladesh
14469240,"June 15, 2026 11:12:13 AM",0,-,0,indonesia
14469217,"June 15, 2026 6:00:11 AM",-,-,-,spain
14469196,"June 14, 2026 10:42:11 PM",8,-,8,-
14469194,"June 14, 2026 11:34:10 PM",10,.,10,canada
14469037,"June 15, 2026 8:37:00 AM",-,-,-,cambodia
14469018,"June 14, 2026 8:10:42 PM",0,-,0,-
14468827,"June 15, 2026 1:42:54 AM",0,-,0,france
14468674,"June 14, 2026 11:15:04 PM",-,-,-,austria
14468393,"June 14, 2026 11:48:40 AM",0,They let you see the account you pay then they say it’s private,0,-
14468336,"June 14, 2026 12:24:28 PM",10,-,10,mexico
14468301,"June 14, 2026 8:12:30 PM",10,-,10,spain
14468193,"June 14, 2026 11:25:26 PM",1,-,1,bangladesh
14468187,"June 14, 2026 6:21:19 PM",-,-,-,-
14467956,"June 14, 2026 9:02:49 AM",0,-,0,-
14467550,"June 14, 2026 8:26:49 AM",10,-,10,-
14467547,"June 14, 2026 5:25:50 PM",-,-,-,-
14467528,"June 14, 2026 2:08:34 PM",10,-,10,italy
14467503,"June 14, 2026 12:52:42 PM",-,-,-,portugal
14467500,"June 14, 2026 6:50:12 PM",-,-,-,thailand
14467197,"June 14, 2026 10:24:31 AM",0,-,0,germany
14467145,"June 14, 2026 2:50:10 PM",-,-,-,vietnam
14467139,"June 14, 2026 2:47:06 PM",10,-,10,indonesia
14467137,"June 14, 2026 8:46:31 AM",10,-,10,morocco
14467040,"June 14, 2026 1:49:23 AM",-,-,-,mexico
14466853,"June 14, 2026 12:50:31 AM",-,-,-,canada
14466682,"June 13, 2026 11:39:36 PM",10,-,10,brazil
14466556,"June 13, 2026 7:23:38 PM",-,-,-,colombia
14466520,"June 13, 2026 4:56:59 PM",8,-,8,-
14466511,"June 14, 2026 5:18:20 AM",0,as free account has no benefits,0,india
14466293,"June 13, 2026 3:35:15 PM",-,-,-,mexico
14466183,"June 13, 2026 10:30:06 PM",-,-,-,spain
14466028,"June 13, 2026 9:00:41 PM",10,-,10,romania
14466020,"June 14, 2026 1:58:04 AM",-,-,-,vietnam
14466019,"June 14, 2026 1:57:51 AM",-,-,-,vietnam
14465911,"June 13, 2026 7:11:22 PM",-,-,-,portugal
14464817,"June 13, 2026 5:21:20 AM",0,scam.,0,-
14463829,"June 13, 2026 5:10:47 PM",0,Cunts,0,australia
14463505,"June 13, 2026 11:24:22 AM",0,-,0,india
14463447,"June 13, 2026 12:36:07 AM",-,-,-,colombia
14463446,"June 13, 2026 12:35:56 AM",-,-,-,colombia
14463340,"June 13, 2026 7:57:17 AM",-,-,-,turkey
14463028,"June 12, 2026 9:46:37 PM",0,-,0,peru
14462865,"June 12, 2026 10:20:10 PM",-,-,-,brazil
14462726,"June 13, 2026 3:11:00 AM",-,-,-,ukraine
14462692,"June 12, 2026 8:53:16 PM",5,-,5,argentina
14462615,"June 12, 2026 6:22:34 PM",-,-,-,colombia
14462421,"June 12, 2026 11:16:24 PM",-,-,-,tunisia
14462351,"June 12, 2026 4:43:54 PM",0,-,0,-
14462341,"June 12, 2026 2:40:08 PM",-,-,-,-
14462317,"June 12, 2026 10:26:24 PM",10,-,10,netherlands
14462266,"June 12, 2026 3:03:29 PM",-,-,-,mexico
14462259,"June 12, 2026 5:01:59 PM",0,S,0,-
14461653,"June 12, 2026 1:10:58 PM",0,Cannot watch anything,0,mexico
14461528,"June 12, 2026 7:30:28 PM",10,-,10,-
14461413,"June 12, 2026 9:04:10 PM",-,-,-,turkey
14460373,"June 12, 2026 5:30:58 PM",-,-,-,italy
14460281,"June 12, 2026 11:10:46 AM",0,I cant even see there following bc there a private account smh,0,-
14425346,"June 12, 2026 2:43:49 PM",0,-,0,ukraine
14425337,"June 12, 2026 5:10:46 PM",-,-,-,-
14425207,"June 12, 2026 4:36:20 PM",-,-,-,-
14424860,"June 12, 2026 4:42:37 AM",-,-,-,jamaica
14423591,"June 12, 2026 11:07:32 AM",0,-,0,turkey
14422927,"June 12, 2026 11:31:26 AM",0,stupid money scamming apps,0,india
14422817,"June 12, 2026 7:37:15 AM",0,-,0,france
14422684,"June 12, 2026 7:12:06 AM",-,-,-,france
14422403,"June 11, 2026 9:07:17 PM",10,-,10,-
14422296,"June 12, 2026 12:25:54 AM",-,-,-,brazil
